"","CCCCCCC","TCCCCCC","TTTTTTT","TTCCCCC","CCCTCCC","TTTTTCC","CTCCCCC","CCTCCCC","TTTTCCC","TCCTCCC","TCTCCCC","TTTTTTC","CCCCCCT","CCCCCTC","TTTCTCC"
"RA_99",0.439106145,0.205586592,0.020670391,0.029608939,0.015642458,0.040782123,0.02849162,0.011731844,0.025698324,0.024022346,0.012849162,0.013407821,0.011173184,0.008379888,0.006703911
"RA_98",0.568359375,0.204101562,0.008463542,0.021809896,0.026367188,0.013020833,0.0234375,0.020182292,0.006510417,0.013997396,0.003580729,0,0.014322917,0.013671875,0
"RA_96",0.5090196078,0.1984313725,0.0203921569,0.0305882353,0.0250980392,0.0125490196,0.0211764706,0.022745098,0.017254902,0.0133333333,0.0054901961,0.0054901961,0.0141176471,0.0062745098,0.0007843137
"RA_95",0.441780822,0.212328767,0.054794521,0.026255708,0.019406393,0.014840183,0.023972603,0.014840183,0.021689498,0.012557078,0.014840183,0.015981735,0.003424658,0.010273973,0
"RA_91",0.452240566,0.203419811,0.061910377,0.025353774,0.02240566,0.015330189,0.014150943,0.007665094,0.02004717,0.012382075,0.004716981,0.02240566,0.010023585,0.017688679,0
"RA_9",0.4193548387,0.2685483871,0.0185483871,0.0225806452,0.0185483871,0.014516129,0.0161290323,0.0161290323,0.0161290323,0.0193548387,0.0137096774,0.0008064516,0.0161290323,0.0080645161,0.0032258065
"RA_88",0.411611785,0.185441941,0.032062392,0.011265165,0.014731369,0.025996534,0.019064125,0.014731369,0.031195841,0.022530329,0.016464471,0.02339688,0.019064125,0.012131716,0.005199307
"RA_86",0.417840376,0.246478873,0.016431925,0.023474178,0.016431925,0.009389671,0.037558685,0.023474178,0.007042254,0.023474178,0.002347418,0.007042254,0.018779343,0.004694836,0.004694836
"RA_85",0.412742382,0.225300092,0.021237304,0.032317636,0.029547553,0.022160665,0.016620499,0.019390582,0.016620499,0.020313943,0.010156971,0,0.005540166,0.010156971,0.002770083
"RA_84",0.483893077,0.179575051,0.031528444,0.04318026,0.02124743,0.012337217,0.032899246,0.013022618,0.010281014,0.013708019,0.008910212,0.017135024,0.016449623,0.008910212,0.001370802
"RA_82",0.469070053,0.238017206,0.035231463,0.013928718,0.018844736,0.013928718,0.021302745,0.018435068,0.002867677,0.018435068,0.010651372,0.007374027,0.011880377,0.006145023,0.006554691
"RA_81",0.514889529,0.21037464,0.012808197,0.02209414,0.026897214,0.006083894,0.035222542,0.019532501,0.008005123,0.018251681,0.018251681,0.00192123,0.011527378,0.007684918,0.003522254
"RA_80",0.39379085,0.176470588,0.039869281,0.030718954,0.019934641,0.033660131,0.015359477,0.017973856,0.018300654,0.008496732,0.017320261,0.038562092,0.01372549,0.010457516,0.003921569
"RA_79",0.476333584,0.24417731,0.027798648,0.01728024,0.024793388,0.015777611,0.021788129,0.009767092,0.005259204,0.015026296,0.012021037,0.013523666,0.010518407,0.004507889,0
"RA_78",0.433226837,0.215335463,0.029392971,0.025559105,0.025559105,0.014057508,0.019169329,0.016613419,0.023642173,0.022364217,0.009584665,0.015974441,0.007028754,0.001916933,0.003833866
"RA_76",0.563366337,0.199009901,0.002970297,0.023762376,0.017821782,0.00990099,0.027722772,0.014851485,0.005940594,0.022772277,0.004950495,0.002970297,0.032673267,0.014851485,0.000990099
"RA_75",0.505136986,0.206335616,0.015410959,0.029109589,0.018835616,0.011986301,0.01369863,0.007705479,0.019691781,0.011986301,0.016267123,0.004280822,0.002568493,0.009417808,0
"RA_74",0.3453111306,0.2366345311,0.036809816,0.0254163015,0.0175284838,0.0289219982,0.0070113935,0.0157756354,0.0219106047,0.0105170903,0.0087642419,0.0245398773,0.0148992112,0.0087642419,0.0008764242
"RA_73",0.410094637,0.208201893,0.03575184,0.027339642,0.031545741,0.030494217,0.012618297,0.01787592,0.011566772,0.021030494,0.006309148,0.026288118,0.008412198,0.003154574,0.003154574
"RA_72",0.465346535,0.175742574,0.034653465,0.016089109,0.027227723,0.023514851,0.021039604,0.011138614,0.008663366,0.021039604,0.014851485,0.018564356,0.008663366,0.016089109,0.008663366
"RA_70",0.484068627,0.18872549,0.022058824,0.020833333,0.025735294,0.014705882,0.033088235,0.012254902,0.018382353,0.015931373,0.012254902,0.007352941,0.007352941,0.009803922,0.00122549
"RA_69",0.4038585209,0.1916398714,0.0726688103,0.0327974277,0.0237942122,0.0327974277,0.0167202572,0.0128617363,0.0263665595,0.0077170418,0.0083601286,0.0192926045,0.0090032154,0.0115755627,0.0006430868
"RA_68",0.487660415,0.240868707,0.002467917,0.025172754,0.024185587,0.018262586,0.019249753,0.009378085,0.010858835,0.016288253,0.008884501,0.004442251,0.007403751,0.006416584,0.001974334
"RA_65",0.411395245,0.301031853,0.008524002,0.034096007,0.021085689,0.00538358,0.014804845,0.01884253,0.004934948,0.016599372,0.020188425,0.001345895,0.013010319,0.008524002,0.001345895
"RA_64",0.366135239,0.226498076,0.059373282,0.031885651,0.026937878,0.017592084,0.017042331,0.0104453,0.02528862,0.02528862,0.016492578,0.013743815,0.0104453,0.007146784,0.001649258
"RA_63",0.434276206,0.232945092,0.014975042,0.023294509,0.029950083,0.016638935,0.016638935,0.029950083,0.014975042,0.008319468,0.014975042,0.003327787,0.011647255,0.008319468,0.003327787
"RA_62",0.428214732,0.245942572,0.017478152,0.02247191,0.02247191,0.008739076,0.014981273,0.02247191,0.016229713,0.017478152,0.004993758,0.024968789,0.008739076,0.018726592,0
"RA_60",0.445454545,0.238636364,0.020454545,0.025,0.015909091,0.002272727,0.022727273,0.011363636,0.009090909,0.015909091,0.009090909,0.009090909,0.022727273,0.002272727,0.002272727
"RA_6",0.397435897,0.157264957,0.056410256,0.031623932,0.029059829,0.035042735,0.017094017,0.007692308,0.035897436,0.012820513,0.011965812,0.01965812,0.005982906,0.008547009,0.005982906
"RA_56",0.615591398,0.150537634,0.018817204,0.016129032,0.010752688,0.010752688,0.021505376,0.01344086,0.018817204,0.002688172,0.01344086,0.008064516,0.024193548,0.005376344,0.005376344
"RA_55",0.43301759,0.23410014,0.022553,0.02841678,0.0202977,0.0157871,0.01984664,0.0180424,0.01398286,0.01533604,0.00857014,0.01037438,0.0135318,0.00811908,0.00135318
"RA_54",0.416666667,0.21184739,0.062248996,0.016064257,0.034136546,0.009036145,0.035140562,0.036144578,0.014056225,0.013052209,0.012048193,0.013052209,0.006024096,0.007028112,0.002008032
"RA_53",0.571225071,0.199430199,0.004273504,0.011396011,0.022792023,0.007122507,0.017094017,0.022792023,0.007122507,0.018518519,0.018518519,0,0.018518519,0.008547009,0
"RA_51",0.473824312,0.260869565,0.033717835,0.028393966,0.01863354,0.008873114,0.01863354,0.014196983,0.010647737,0.010647737,0.015084295,0.01242236,0.01242236,0.011535049,0.002661934
"RA_48",0.5340369393,0.2142480211,0.0116094987,0.0316622691,0.0221635884,0.0036939314,0.0248021108,0.0137203166,0.0068601583,0.0158311346,0.0179419525,0.0052770449,0.0168865435,0.0079155673,0.0005277045
"RA_45",0.388022144,0.224962255,0.022143936,0.021640664,0.027679919,0.021137393,0.03170609,0.013588324,0.025666834,0.021137393,0.022143936,0.007045798,0.018117765,0.006542526,0.00402617
"RA_43",0.5066720582,0.2256368783,0.009704812,0.0218358269,0.0246663971,0.0060655075,0.0149615851,0.0190052568,0.007278609,0.0133441165,0.0080873433,0.0040436717,0.0153659523,0.0125353821,0.0008087343
"RA_41",0.456483126,0.210775607,0.037300178,0.036116045,0.020130255,0.018354056,0.018354056,0.008880995,0.01124926,0.009473061,0.013025459,0.018354056,0.017169923,0.013617525,0.003552398
"RA_409",0.456877729,0.197871179,0.036572052,0.020469432,0.036572052,0.014737991,0.02510917,0.024563319,0.014737991,0.013373362,0.017194323,0.012281659,0.013646288,0.006550218,0.004912664
"RA_408",0.439181916,0.199677072,0.029063509,0.027717976,0.035522067,0.009149623,0.019913886,0.020452099,0.013993541,0.018299247,0.01883746,0.011302476,0.010495156,0.011302476,0.002691066
"RA_407",0.533147393,0.21712079,0.009225488,0.022312808,0.025960094,0.004290925,0.022956447,0.017807337,0.00686548,0.015661875,0.011585497,0.002789101,0.01652006,0.013516413,0.001501824
"RA_405",0.331197634,0.157713159,0.071956629,0.031049778,0.020453425,0.061113849,0.016017743,0.012074914,0.030310498,0.013307048,0.016757023,0.025135535,0.009857072,0.007639231,0.009364219
"RA_404",0.491428571,0.208163265,0.025306122,0.043265306,0.029387755,0.013061224,0.024489796,0.010612245,0.017142857,0.006530612,0.009795918,0.003265306,0.013061224,0.012244898,0.004081633
"RA_403",0.446695832,0.253050886,0.018650702,0.018420447,0.024867603,0.01565738,0.017269169,0.018880958,0.00990099,0.012894313,0.014506102,0.019571725,0.00575639,0.011052268,0.001151278
"RA_402",0.411421677,0.238487834,0.028152021,0.03016288,0.035391112,0.017293384,0.017293384,0.016489041,0.016690127,0.016287955,0.013472753,0.013874925,0.00924995,0.008847778,0.002815202
"RA_401",0.5174169346,0.2293676313,0.0198285102,0.0235798499,0.0206323687,0.0075026795,0.0168810289,0.018488746,0.0056270096,0.0176848875,0.011789925,0.0072347267,0.0107181136,0.0058949625,0.0002679528
"RA_400",0.454334365,0.214396285,0.03869969,0.02128483,0.020897833,0.018575851,0.013157895,0.017027864,0.014318885,0.022058824,0.01006192,0.023219814,0.013931889,0.01122291,0.001934985
"RA_40",0.555555556,0.176046176,0.006493506,0.019480519,0.031746032,0.007936508,0.020923521,0.02958153,0.007215007,0.014430014,0.007936508,0.004329004,0.021645022,0.016594517,0.002886003
"RA_4",0.402293578,0.2504587156,0.026146789,0.0288990826,0.0243119266,0.021559633,0.0169724771,0.0183486239,0.0206422018,0.0256880734,0.0206422018,0.0073394495,0.0178899083,0.0082568807,0.0004587156
"RA_399",0.502265372,0.220711974,0.017475728,0.022653722,0.031067961,0.003883495,0.018770227,0.00776699,0.010355987,0.014239482,0.012944984,0.006472492,0.010355987,0.016828479,0
"RA_396",0.393386545,0.20904599,0.04827062,0.020904599,0.015963512,0.033827442,0.018244014,0.01368301,0.024325352,0.01786393,0.015203345,0.01786393,0.016723679,0.004941087,0.001520334
"RA_394",0.467387944,0.191035549,0.015455951,0.029366306,0.030602782,0.017928903,0.016383308,0.014528594,0.025965997,0.014528594,0.013601236,0.013910355,0.008037094,0.014219474,0.005255023
"RA_393",0.5319354061,0.1993251386,0.0127741624,0.0248252591,0.0335020487,0.0084357677,0.017835623,0.0173535792,0.0139792721,0.0233791275,0.0101229212,0.0021691974,0.0134972282,0.0077127019,0.0007230658
"RA_391",0.4662790698,0.2450581395,0.0244186047,0.0281976744,0.0238372093,0.0113372093,0.0209302326,0.0162790698,0.0087209302,0.011627907,0.0125,0.0119186047,0.0130813953,0.0136627907,0.0002906977
"RA_390",0.4904399908,0.2174614144,0.00829302,0.0191200184,0.0221147201,0.0087537434,0.0211932734,0.0228058051,0.0200414651,0.0175074868,0.0115180834,0.00414651,0.0211932734,0.008984105,0.0009214467
"RA_388",0.31754196,0.18624797,0.049810504,0.043584191,0.016242555,0.049269085,0.018678939,0.014889009,0.032485111,0.017325393,0.013806172,0.017325393,0.01109908,0.004331348,0.004872767
"RA_386",0.508923885,0.214435696,0.013910761,0.020997375,0.024934383,0.011023622,0.025721785,0.025459318,0.011811024,0.012860892,0.01496063,0.009448819,0.015485564,0.014435696,0.001312336
"RA_385",0.410947877,0.228818676,0.046890722,0.025357215,0.018313544,0.02133226,0.017508553,0.013483598,0.016502314,0.024149728,0.011269873,0.01952103,0.007446166,0.011471121,0.00181123
"RA_382",0.386839013,0.244888367,0.039717979,0.037132785,0.012925969,0.018566392,0.020916569,0.025381904,0.01786134,0.011750881,0.022091657,0.007285546,0.009165687,0.006580494,0.003055229
"RA_380",0.470031546,0.173501577,0.023659306,0.018927445,0.029968454,0.023659306,0.011041009,0.033123028,0.015772871,0.022082019,0.02681388,0.015772871,0.018927445,0.017350158,0.001577287
"RA_38",0.446320054,0.20729237,0.03646185,0.016880486,0.025658339,0.027008778,0.027683997,0.012829169,0.021607022,0.016205267,0.015530047,0.018230925,0.009453072,0.004726536,0.004051317
"RA_379",0.475512996,0.200820793,0.036388509,0.014500684,0.026812585,0.011764706,0.022982216,0.020519836,0.011764706,0.016963064,0.013679891,0.016142271,0.014774282,0.010396717,0.001915185
"RA_375",0.5524965002,0.2043863742,0.0167988801,0.0163322445,0.024265049,0.015865609,0.0195986934,0.0125991601,0.0055996267,0.0111992534,0.0069995334,0.0037330845,0.0121325245,0.0046663556,0.0004666356
"RA_372",0.4461538462,0.2153846154,0.0388461538,0.0215384615,0.0269230769,0.0246153846,0.0138461538,0.0153846154,0.0161538462,0.0196153846,0.0180769231,0.0157692308,0.0084615385,0.0042307692,0.0003846154
"RA_371",0.4929950776,0.1961378266,0.0143884892,0.0265051117,0.0238546005,0.0196895115,0.0155244226,0.011737978,0.0132525559,0.0132525559,0.0075728891,0.0087088224,0.0143884892,0.0056796668,0.0007572889
"RA_370",0.385815603,0.192907801,0.042553191,0.025531915,0.026950355,0.038297872,0.021276596,0.017021277,0.036879433,0.011347518,0.025531915,0.014184397,0.007092199,0.012765957,0.005673759
"RA_369",0.343569662,0.215993405,0.030090684,0.041426216,0.027617477,0.019579555,0.018755153,0.021640561,0.02514427,0.032563891,0.025350371,0.014839242,0.01442704,0.008656224,0.002061006
"RA_368",0.4255319149,0.273811891,0.0184927421,0.0280373832,0.0200835156,0.0103400278,0.0161065818,0.0200835156,0.0167031219,0.0165042752,0.0176973553,0.003181547,0.0119308014,0.0091469477,0.0009942334
"RA_367",0.598927294,0.188617402,0.00476758,0.012216925,0.025625745,0.006853397,0.020560191,0.019368296,0.007747318,0.01579261,0.006555423,0.001489869,0.014898689,0.008045292,0.001191895
"RA_365",0.52433372,0.206546929,0.014339513,0.021581692,0.021002317,0.006952491,0.018539977,0.01868482,0.008980301,0.021147161,0.008835458,0.003331402,0.013760139,0.011008111,0.002896871
"RA_364",0.471889055,0.226761619,0.01517991,0.023613193,0.017428786,0.017053973,0.020802099,0.017616192,0.010869565,0.024175412,0.00862069,0.004122939,0.016304348,0.00862069,0.001874063
"RA_363",0.497364199,0.203758882,0.027962411,0.017190007,0.02544121,0.018794408,0.014898006,0.021086408,0.013752006,0.019252808,0.008251203,0.006417603,0.013981206,0.005730002,0.001375201
"RA_361",0.308907138,0.228363866,0.038534428,0.047694251,0.018951358,0.030322173,0.020214782,0.005685407,0.037271004,0.022425774,0.011370815,0.022109918,0.007896399,0.010107391,0.006317119
"RA_360",0.573880597,0.1935323383,0.0037313433,0.0161691542,0.0266169154,0.0074626866,0.0166666667,0.0189054726,0.0111940299,0.0099502488,0.0074626866,0.0009950249,0.0186567164,0.0114427861,0.0012437811
"RA_36",0.5404814,0.18380744,0.013129103,0.028446389,0.024070022,0.008752735,0.028446389,0.028446389,0.010940919,0.006564551,0.010940919,0.004376368,0.01750547,0.015317287,0.004376368
"RA_359",0.443362193,0.191919192,0.033189033,0.026334776,0.016233766,0.025974026,0.024531025,0.022727273,0.017316017,0.018037518,0.015512266,0.017316017,0.013347763,0.005772006,0.001082251
"RA_358",0.399272948,0.231445017,0.025749773,0.027264465,0.027567404,0.019085126,0.01817631,0.014541048,0.021508634,0.019691003,0.012420479,0.016358679,0.016055741,0.009996971,0.003029385
"RA_357",0.449375867,0.205270458,0.025797503,0.034674064,0.033287101,0.014979196,0.026907074,0.024410541,0.014147018,0.008599168,0.011650485,0.009153953,0.011650485,0.009431345,0.00554785
"RA_355",0.44352,0.21312,0.02944,0.02944,0.03072,0.01088,0.02752,0.02112,0.00928,0.01792,0.0096,0.01504,0.00832,0.00896,0.00224
"RA_352",0.301553166,0.218399044,0.043249701,0.046594982,0.013142174,0.040860215,0.022939068,0.012903226,0.037275986,0.016009558,0.012425329,0.023178017,0.009080048,0.004540024,0.004778973
"RA_351",0.411480779,0.232028961,0.029994828,0.02965006,0.022237545,0.026719531,0.017410791,0.017927943,0.01396311,0.015169798,0.015859335,0.013273574,0.011549733,0.007240131,0.00379245
"RA_350",0.504797048,0.194833948,0.020910209,0.028536285,0.023370234,0.016236162,0.028290283,0.016236162,0.021402214,0.015744157,0.005412054,0.009594096,0.010824108,0.01303813,0.002214022
"RA_35",0.507936508,0.222222222,0.004535147,0.01814059,0.034013605,0.009070295,0.01814059,0.013605442,0.009070295,0.002267574,0.015873016,0.004535147,0.006802721,0.006802721,0.002267574
"RA_348",0.5023758099,0.1993520518,0.0207343413,0.0226781857,0.0222462203,0.020950324,0.0215982721,0.0194384449,0.0120950324,0.0181425486,0.0105831533,0.011663067,0.0136069114,0.0120950324,0.0006479482
"RA_347",0.494195356,0.25020016,0.017013611,0.017013611,0.019815853,0.006605284,0.013811049,0.01561249,0.012209768,0.018614892,0.014811849,0.012409928,0.008006405,0.010608487,0.001801441
"RA_346",0.498983969,0.250846692,0.008128246,0.022126891,0.021223753,0.004967261,0.02009483,0.018062768,0.003838338,0.022126891,0.011966584,0.0029352,0.013095507,0.010837661,0
"RA_344",0.419701493,0.224179104,0.036716418,0.032835821,0.030746269,0.016119403,0.025671642,0.017910448,0.015820896,0.017910448,0.017014925,0.006567164,0.011343284,0.010746269,0.003283582
"RA_342",0.353135314,0.201045105,0.036853685,0.034378438,0.030253025,0.024752475,0.017326733,0.020077008,0.02750275,0.017876788,0.01320132,0.022277228,0.013751375,0.011276128,0.003850385
"RA_341",0.506962025,0.189873418,0.029113924,0.014240506,0.024683544,0.019303797,0.019303797,0.018987342,0.019620253,0.012025316,0.010126582,0.008860759,0.015189873,0.007911392,0.001582278
"RA_339",0.511479945,0.197233748,0.010788382,0.023236515,0.029322268,0.013001383,0.014937759,0.021300138,0.013278008,0.019363762,0.014937759,0.003319502,0.015767635,0.010511757,0.003319502
"RA_337",0.328042328,0.170781893,0.103762493,0.027336861,0.014991182,0.043503821,0.017048795,0.012639624,0.029982363,0.011463845,0.010288066,0.051146384,0.004703116,0.006760729,0.002351558
"RA_335",0.47932726,0.199018921,0.025928521,0.031534688,0.026629292,0.018220042,0.020322355,0.023826209,0.027330063,0.023125438,0.009110021,0.004905396,0.011913104,0.007007708,0
"RA_334",0.430691757,0.185528757,0.046117148,0.018022794,0.020408163,0.028889478,0.021468328,0.019347999,0.028359396,0.013517095,0.011926849,0.023058574,0.021468328,0.004505698,0.00238537
"RA_333",0.482288113,0.229336132,0.028339019,0.018892679,0.025190239,0.008134348,0.024140645,0.022303857,0.009708738,0.013907111,0.010495933,0.011545526,0.013119916,0.007347153,0.001311992
"RA_332",0.444963777,0.205655527,0.019864454,0.021266651,0.027109138,0.021967749,0.018929656,0.020565553,0.019864454,0.016125263,0.013554569,0.010516476,0.011918673,0.009347978,0.006777284
"RA_33",0.371905274,0.216899892,0.071582347,0.022066738,0.01022605,0.043057051,0.015069968,0.013455328,0.021528525,0.013993541,0.017761033,0.012917115,0.005382131,0.006996771,0.005920344
"RA_328",0.4039011704,0.1953185956,0.0590377113,0.0210663199,0.0117035111,0.0361508453,0.0213263979,0.0132639792,0.0210663199,0.0208062419,0.0127438231,0.022626788,0.010663199,0.0085825748,0.0007802341
"RA_326",0.424551189,0.233381853,0.023532266,0.026443474,0.023289665,0.016982048,0.01431344,0.023532266,0.012372635,0.016739447,0.025715672,0.009704027,0.014556041,0.009461426,0.001213003
"RA_325",0.372629843,0.197032152,0.042594119,0.043693322,0.025281671,0.025556472,0.019236054,0.00714482,0.017587249,0.018961253,0.016488046,0.012915636,0.008244023,0.004122012,0.004396812
"RA_321",0.542564103,0.203418803,0.021196581,0.014017094,0.018119658,0.010598291,0.020512821,0.032136752,0.014017094,0.011623932,0.008888889,0.004102564,0.013333333,0.008547009,0.002051282
"RA_320",0.482770998,0.208542714,0.026920316,0.011486001,0.025843503,0.019382627,0.030868629,0.022254128,0.012203877,0.008255564,0.015075377,0.01902369,0.008614501,0.007537688,0.001076813
"RA_319",0.319335083,0.177019539,0.060075824,0.038786818,0.021289006,0.032370954,0.015748031,0.022747157,0.030621172,0.010790318,0.020122485,0.024788568,0.01399825,0.007582386,0.002916302
"RA_317",0.392110454,0.170414201,0.050493097,0.032741617,0.020512821,0.02800789,0.022485207,0.031163708,0.02209073,0.015384615,0.005522682,0.018934911,0.017751479,0.009072978,0.003944773
"RA_316",0.453163662,0.20678685,0.051608342,0.024390244,0.018381053,0.020148462,0.015199717,0.022622835,0.019088017,0.012018381,0.010957936,0.015553199,0.01378579,0.005302227,0.005302227
"RA_313",0.499155405,0.225225225,0.015765766,0.017454955,0.035472973,0.005349099,0.017173423,0.01661036,0.010698198,0.019425676,0.014076577,0.005067568,0.012668919,0.008164414,0
"RA_310",0.422150411,0.209753231,0.035546416,0.03319624,0.019976498,0.025264395,0.019095182,0.014688602,0.016451234,0.014982374,0.010282021,0.013219741,0.010282021,0.014982374,0.003525264
"RA_308",0.408138101,0.216707768,0.04377312,0.030826141,0.02188656,0.017879162,0.013871763,0.0175709,0.01325524,0.028668311,0.005548705,0.009864365,0.011405672,0.010480888,0
"RA_307",0.381348511,0.214316988,0.043126095,0.030647986,0.020796848,0.028896673,0.018169877,0.017294221,0.029553415,0.014229422,0.017732049,0.011821366,0.009632224,0.003283713,0.00415937
"RA_306",0.4094797688,0.2050867052,0.0356069364,0.0346820809,0.0171098266,0.0201156069,0.0256647399,0.0166473988,0.0173410405,0.021734104,0.0138728324,0.0152601156,0.0113294798,0.0113294798,0.0004624277
"RA_305",0.420770878,0.224197002,0.037901499,0.029764454,0.025481799,0.017344754,0.010706638,0.019486081,0.019271949,0.013062099,0.017344754,0.017987152,0.013276231,0.011134904,0.001070664
"RA_304",0.325044937,0.179748352,0.077591372,0.040143799,0.019772319,0.043139605,0.016177352,0.004194128,0.028460156,0.011084482,0.007789095,0.054823247,0.008088676,0.014080288,0.001797484
"RA_303",0.4890756303,0.2114285714,0.0359663866,0.0154621849,0.0238655462,0.0070588235,0.018487395,0.0157983193,0.0117647059,0.0141176471,0.0090756303,0.0131092437,0.0144537815,0.0107563025,0.0006722689
"RA_302",0.486745449,0.193548387,0.010539764,0.034813159,0.022357074,0.016288726,0.026509103,0.014053018,0.00894283,0.015649952,0.014372405,0.014372405,0.018524433,0.012775471,0.003193868
"RA_30",0.549158547,0.187776794,0.018600531,0.018600531,0.031886625,0.012400354,0.024800709,0.011514615,0.015057573,0.011514615,0.009743136,0.004428698,0.014171833,0.007971656,0.001771479
"RA_297",0.378272251,0.189463351,0.018651832,0.029450262,0.034031414,0.028141361,0.029450262,0.026832461,0.018651832,0.017015707,0.017997382,0.005235602,0.012434555,0.010798429,0.003272251
"RA_295",0.448059773,0.217883827,0.030127742,0.017835623,0.035430224,0.012051097,0.023379128,0.020486864,0.010604965,0.019763799,0.012051097,0.010604965,0.014702338,0.012533141,0.003615329
"RA_294",0.314305365,0.2303989,0.037138927,0.035763411,0.025447043,0.026134801,0.01650619,0.022696011,0.019944979,0.027510316,0.01650619,0.013755158,0.015818432,0.012379642,0.004126547
"RA_292",0.429252782,0.252384738,0.032591415,0.038553259,0.014705882,0.014705882,0.015103339,0.025437202,0.011923688,0.01391097,0.008744038,0.004769475,0.014705882,0.004769475,0.001192369
"RA_291",0.434695912,0.196410768,0.046527085,0.026919242,0.027583915,0.012961117,0.023595879,0.011964108,0.021269525,0.009637753,0.015287471,0.024592888,0.013625789,0.003323363,0.002326354
"RA_287",0.468221016,0.206643245,0.044714149,0.022676461,0.026828489,0.013414245,0.018205046,0.012775471,0.011817311,0.025550942,0.012456084,0.012136698,0.008304056,0.011178537,0.003832641
"RA_285",0.456154253,0.232699419,0.012414157,0.028526149,0.031167459,0.011357633,0.020602219,0.013998943,0.014527205,0.021658743,0.016904385,0.007395668,0.008716323,0.008188061,0.001056524
"RA_284",0.404769278,0.21926293,0.046763704,0.019200991,0.018271911,0.028491793,0.017652524,0.016104057,0.01455559,0.016104057,0.017342831,0.014245897,0.01548467,0.002787241,0.002787241
"RA_283",0.408737283,0.187013764,0.023040096,0.02962298,0.018551765,0.024236984,0.031717534,0.02064632,0.036205865,0.011669659,0.012268103,0.023937762,0.019150209,0.009575105,0.003291442
"RA_281",0.4780337942,0.2353302611,0.0153609831,0.0328725038,0.0258064516,0.0144393241,0.0181259601,0.0178187404,0.0076804916,0.0147465438,0.0098310292,0.0049155146,0.0129032258,0.0110599078,0.0003072197
"RA_280",0.366176471,0.213602941,0.057352941,0.034926471,0.021691176,0.024632353,0.029044118,0.020588235,0.023897059,0.009191176,0.017279412,0.015441176,0.012867647,0.008823529,0.001838235
"RA_276",0.393140794,0.20433213,0.054512635,0.024187726,0.020577617,0.027075812,0.018772563,0.019855596,0.016245487,0.014801444,0.019133574,0.022743682,0.011913357,0.007581227,0.003249097
"RA_274",0.358161648,0.169043846,0.061278394,0.029054411,0.014791337,0.0681458,0.018489171,0.018489171,0.043845747,0.011093502,0.007395668,0.018489171,0.008980454,0.006339144,0.003169572
"RA_273",0.438360451,0.21902378,0.035356696,0.027534418,0.021589487,0.024092616,0.026595745,0.018460576,0.010325407,0.009073842,0.008760951,0.018773467,0.020963705,0.00844806,0.004380476
"RA_272",0.46474359,0.197516026,0.016826923,0.018429487,0.036858974,0.006810897,0.015224359,0.019230769,0.012820513,0.032451923,0.016426282,0.006410256,0.020032051,0.01161859,0.001201923
"RA_27",0.3454039,0.26183844,0.030640669,0.04735376,0.022284123,0.027855153,0.013927577,0.005571031,0.011142061,0.016713092,0.036211699,0.013927577,0.008356546,0.011142061,0.002785515
"RA_267",0.5945723684,0.1928453947,0.0004111842,0.0131578947,0.0308388158,0.0065789474,0.0176809211,0.0201480263,0.0028782895,0.0106907895,0.0069901316,0.0012335526,0.0135690789,0.0127467105,0.0008223684
"RA_266",0.458225028,0.225399183,0.013367991,0.029706647,0.024879317,0.010025993,0.022279985,0.022279985,0.016338656,0.014110657,0.00965466,0.012996658,0.014110657,0.005198663,0.002227999
"RA_265",0.45766129,0.218413978,0.034946237,0.018481183,0.018817204,0.012432796,0.015793011,0.010080645,0.015120968,0.018817204,0.006048387,0.023857527,0.009408602,0.012432796,0.006048387
"RA_264",0.485899731,0.210832587,0.00828111,0.026633841,0.033795882,0.014100269,0.02484333,0.020814682,0.010295434,0.023276634,0.014547896,0.006042972,0.015666965,0.007833483,0.001342883
"RA_262",0.331864257,0.244601146,0.017188189,0.038342882,0.031732041,0.029528427,0.021154694,0.01101807,0.021154694,0.027324813,0.015425297,0.014984575,0.005288673,0.01101807,0.002203614
"RA_261",0.4851713216,0.2251655629,0.0164123236,0.0290814857,0.0328246473,0.003455226,0.0149726461,0.0204434207,0.0158364526,0.0135329686,0.0152605816,0.0080621941,0.0164123236,0.0123812266,0.0008638065
"RA_260",0.477025107,0.220274751,0.011369019,0.027948839,0.031264803,0.004737091,0.016106111,0.021316911,0.014684983,0.013263856,0.011842729,0.009474183,0.012790147,0.011842729,0.001894837
"RA_26",0.4349442379,0.2614622057,0.0359355638,0.0260223048,0.0229244114,0.0167286245,0.0111524164,0.0185873606,0.0086741016,0.0111524164,0.0173482032,0.0179677819,0.0142503098,0.0086741016,0.0006195787
"RA_259",0.466519962,0.247720843,0.004715498,0.022634392,0.025778057,0.007859164,0.015089594,0.01729016,0.00911663,0.025149324,0.011631562,0,0.011631562,0.008802263,0.002829299
"RA_257",0.514555146,0.212792128,0.021320213,0.013940139,0.026240262,0.00902009,0.021320213,0.019270193,0.008610086,0.010250103,0.017630176,0.008200082,0.025420254,0.012300123,0.001640016
"RA_255",0.430858311,0.209809264,0.048024523,0.016689373,0.021117166,0.021798365,0.021117166,0.013964578,0.01226158,0.014305177,0.018392371,0.016348774,0.011580381,0.011920981,0.005108992
"RA_254",0.374436706,0.192953707,0.061040557,0.024170422,0.023760754,0.030315444,0.026218763,0.013928718,0.021302745,0.023760754,0.015157722,0.02007374,0.006964359,0.008603032,0.002867677
"RA_252",0.479126024,0.202497074,0.020678892,0.023800234,0.029262583,0.013265704,0.030042918,0.026531409,0.009364027,0.010144362,0.01404604,0.014436208,0.015216543,0.012095201,0.001950839
"RA_250",0.44657219,0.19188051,0.02910762,0.02680965,0.02834163,0.01263884,0.02374569,0.02374569,0.01876676,0.02374569,0.01340483,0.01340483,0.0076599,0.01455381,0.00306396
"RA_246",0.460618557,0.228041237,0.019793814,0.02185567,0.025979381,0.020618557,0.012371134,0.021443299,0.008247423,0.020618557,0.013608247,0.011134021,0.017731959,0.008247423,0.002474227
"RA_244",0.5152193375,0.209042077,0.0185765443,0.0190241719,0.0295434199,0.010519248,0.0118621307,0.0170098478,0.0165622202,0.0082811101,0.0102954342,0.010519248,0.0116383169,0.0085049239,0.0008952551
"RA_243",0.509072913,0.191685912,0.028703398,0.016496206,0.024414385,0.013526889,0.017815902,0.01682613,0.01121742,0.015176509,0.013196965,0.014516661,0.014846585,0.009237875,0.004289014
"RA_240",0.462023581,0.236632849,0.013709899,0.018645462,0.024677817,0.009596929,0.023306828,0.021387442,0.007677543,0.017822868,0.019468056,0.006580751,0.012613107,0.007951741,0.001919386
"RA_239",0.476780186,0.214654283,0.021671827,0.034055728,0.044375645,0.010319917,0.012383901,0.01754386,0.021671827,0.009287926,0.014447884,0.021671827,0.011351909,0.002063983,0
"RA_237",0.5058365759,0.213229572,0.0311284047,0.0256809339,0.0221789883,0.0140077821,0.0178988327,0.0147859922,0.0163424125,0.0105058366,0.0089494163,0.0182879377,0.0101167315,0.0178988327,0.0007782101
"RA_232",0.305985552,0.268833849,0.033539732,0.040763674,0.029927761,0.021155831,0.018575851,0.01496388,0.022703818,0.040247678,0.021155831,0.02373581,0.004127967,0.00877193,0.002579979
"RA_23",0.450715421,0.206677266,0.026232114,0.019077901,0.024642289,0.017488076,0.022257552,0.008744038,0.015898251,0.011923688,0.011923688,0.022257552,0.028616852,0.010333863,0.001589825
"RA_229",0.405426357,0.234496124,0.028682171,0.03875969,0.023643411,0.008139535,0.025968992,0.020542636,0.01744186,0.029457364,0.008139535,0.007751938,0.009302326,0.013953488,0.001937984
"RA_227",0.535469108,0.212356979,0.011899314,0.022425629,0.018764302,0.013272311,0.011899314,0.01784897,0.005949657,0.013729977,0.009153318,0.004118993,0.011441648,0.010526316,0.001830664
"RA_226",0.41023622,0.254330709,0.020472441,0.032677165,0.019685039,0.012598425,0.01023622,0.013779528,0.01496063,0.026377953,0.011417323,0.006692913,0.011811024,0.007480315,0.002362205
"RA_225",0.4541452678,0.2556859868,0.0194424065,0.0304475422,0.0275128393,0.0146735143,0.0201760822,0.0150403522,0.0084372707,0.0209097579,0.0124724872,0.0073367572,0.012839325,0.0058694057,0.0007336757
"RA_223",0.369052079,0.189584114,0.045335332,0.026227051,0.03297115,0.030723117,0.012738854,0.019857625,0.025852379,0.018733608,0.018358936,0.019857625,0.009741476,0.004870738,0.007118771
"RA_222",0.5695538058,0.1822272216,0.0097487814,0.0224971879,0.0251218598,0.0112485939,0.0194975628,0.0277465317,0.0119985002,0.0097487814,0.0048743907,0.0003749531,0.0101237345,0.0052493438,0.0011248594
"RA_219",0.282086479,0.198009609,0.029855868,0.056280027,0.028826356,0.052161977,0.018188058,0.009951956,0.04186685,0.021619767,0.017844887,0.021619767,0.007892931,0.00377488,0.005147563
"RA_217",0.610787172,0.199708455,0,0.011078717,0.021574344,0.001749271,0.025364431,0.02303207,0.005247813,0.009912536,0.006705539,0,0.014577259,0.007580175,0
"RA_216",0.449145647,0.251423922,0.008950366,0.027664768,0.016680228,0.007323027,0.014239219,0.021562246,0.010170871,0.019934906,0.017087063,0.002034174,0.01098454,0.01098454,0.004882018
"RA_215",0.468311834,0.205832866,0.018788559,0.030005609,0.023275379,0.012058329,0.020471116,0.019068985,0.017386427,0.022714526,0.007851935,0.00897364,0.01794728,0.015143017,0.001121705
"RA_214",0.537863519,0.217967175,0.012957098,0.019291679,0.023610711,0.005470775,0.016700259,0.021307227,0.004606968,0.023322776,0.013820904,0.004606968,0.010941549,0.010077743,0
"RA_211",0.402454507,0.196360559,0.053322048,0.03470165,0.020313161,0.032162505,0.014388489,0.011849344,0.016081253,0.021582734,0.016927634,0.019043589,0.003385527,0.010579771,0.005924672
"RA_21",0.427740864,0.202657807,0.018272425,0.039451827,0.022009967,0.022425249,0.02076412,0.019518272,0.01744186,0.01744186,0.011627907,0.004983389,0.016196013,0.007059801,0.001245847
"RA_206",0.435738444,0.164036077,0.053551297,0.018038331,0.019729425,0.028184893,0.019729425,0.009019166,0.033821871,0.015219842,0.010146561,0.019729425,0.009019166,0.009582864,0.003382187
"RA_205",0.417151932,0.200105876,0.032292218,0.023292747,0.01694018,0.023292747,0.024351509,0.014822657,0.018528322,0.018528322,0.014293277,0.012705135,0.015881419,0.007411329,0.003176284
"RA_203",0.461709212,0.243063263,0.014428413,0.025527192,0.009988901,0.008879023,0.029966704,0.013318535,0.018867925,0.015538291,0.019977802,0.006659267,0.008879023,0.008879023,0
"RA_200",0.407622505,0.230490018,0.039201452,0.01814882,0.02831216,0.017785844,0.017422868,0.018874773,0.021052632,0.014519056,0.011252269,0.022141561,0.017422868,0.004718693,0.00508167
"RA_199",0.383094223,0.182628926,0.050019387,0.02481582,0.013958899,0.03993796,0.019775107,0.010081427,0.035284994,0.012795657,0.010856921,0.011244668,0.011632416,0.012020163,0.007367197
"RA_198",0.496163683,0.244245524,0.028132992,0.022591645,0.023017903,0.013213981,0.015771526,0.015345269,0.011935209,0.012787724,0.004262575,0.013213981,0.013213981,0.007672634,0
"RA_197",0.375560081,0.187780041,0.057433809,0.022810591,0.026476578,0.038696538,0.012219959,0.009775967,0.019959267,0.014663951,0.014663951,0.032586558,0.015885947,0.00814664,0.009368635
"RA_196",0.579135087,0.184574231,0.014712439,0.013820776,0.023629068,0.009362461,0.026304057,0.021399911,0.005349978,0.010254124,0.010699955,0.005349978,0.020508248,0.002229157,0
"RA_194",0.505166052,0.228413284,0.018819188,0.021771218,0.018081181,0.012546125,0.014760148,0.015867159,0.009594096,0.011439114,0.0099631,0.00295203,0.020295203,0.016605166,0
"RA_192",0.38655761,0.21230441,0.050142248,0.028093883,0.02916074,0.02027027,0.015647226,0.020981508,0.013869132,0.016002845,0.014224751,0.027027027,0.008890469,0.008179232,0.002133713
"RA_191",0.452981192,0.213285314,0.038415366,0.030812325,0.025210084,0.009603842,0.024409764,0.012805122,0.022408964,0.011604642,0.012805122,0.022408964,0.006402561,0.006402561,0.00240096
"RA_190",0.415303919,0.222462203,0.046590558,0.021598272,0.020981179,0.023449553,0.022523912,0.015735884,0.016970071,0.023141006,0.010490589,0.017587164,0.016352977,0.006479482,0.003394014
"RA_19",0.403846154,0.23816568,0.018491124,0.024408284,0.028106509,0.015532544,0.019970414,0.025147929,0.017751479,0.011094675,0.01183432,0.00147929,0.00887574,0.00887574,0.002218935
"RA_189",0.44921875,0.2252604167,0.029296875,0.017578125,0.0247395833,0.0143229167,0.009765625,0.0201822917,0.017578125,0.0182291667,0.0123697917,0.013671875,0.009765625,0.0052083333,0.0006510417
"RA_186",0.456593407,0.22967033,0.024725275,0.030769231,0.017032967,0.018681319,0.012637363,0.021978022,0.00989011,0.007142857,0.021978022,0.006593407,0.01043956,0.008791209,0
"RA_185",0.453010692,0.193021947,0.035453011,0.020258863,0.027011818,0.018007878,0.007878447,0.015756894,0.016882386,0.01181767,0.00450197,0.020258863,0.008441193,0.012380416,0.002250985
"RA_182",0.33006135,0.214723926,0.041717791,0.025766871,0.018813906,0.022494888,0.015541922,0.011860941,0.037218814,0.025357873,0.024539877,0.016359918,0.008179959,0.011451943,0.006543967
"RA_181",0.385093168,0.210015528,0.034549689,0.026397516,0.022903727,0.022127329,0.023680124,0.020574534,0.019798137,0.01552795,0.017080745,0.029114907,0.010481366,0.008152174,0.002717391
"RA_180",0.382971389,0.197173388,0.021371941,0.036539124,0.026197863,0.039641503,0.018614271,0.018614271,0.038952085,0.015856601,0.017924853,0.019303688,0.004481213,0.009996553,0.001378835
"RA_18",0.478632479,0.215303215,0.024013024,0.026455026,0.029304029,0.017094017,0.017094017,0.016280016,0.011396011,0.00976801,0.015873016,0.008140008,0.005698006,0.014245014,0.001221001
"RA_179",0.423442014,0.243087082,0.030953364,0.02187371,0.025588114,0.011143211,0.022699133,0.026413537,0.015683038,0.018572018,0.019397441,0.00536525,0.01361948,0.007016096,0.002476269
"RA_177",0.4826666667,0.2551111111,0.0186666667,0.0133333333,0.0231111111,0.0213333333,0.0248888889,0.0222222222,0.0062222222,0.0151111111,0.0168888889,0.0017777778,0.0106666667,0.016,0.0008888889
"RA_176",0.479002079,0.193762994,0.026195426,0.024116424,0.032432432,0.018295218,0.021205821,0.015384615,0.017463617,0.014968815,0.012058212,0.013305613,0.00956341,0.005405405,0.002079002
"RA_171",0.398981324,0.244142615,0.032937182,0.02852292,0.022750424,0.020713073,0.018336163,0.019354839,0.014940577,0.020033956,0.013921902,0.015959253,0.009847199,0.008149406,0.003056027
"RA_170",0.418163918,0.188284519,0.034949545,0.024120108,0.023873985,0.021904996,0.022397243,0.018951514,0.019936008,0.016490278,0.015751907,0.014767413,0.013290672,0.005660842,0.002461236
"RA_17",0.335042735,0.225299145,0.023931624,0.055726496,0.03042735,0.015726496,0.016410256,0.004786325,0.022905983,0.02017094,0.010598291,0.008888889,0.010940171,0.005128205,0.006495726
"RA_169",0.547984645,0.22168906,0.006238004,0.030710173,0.024952015,0.009117083,0.018234165,0.006238004,0.016314779,0.014395393,0.011516315,0.002399232,0.005758157,0.009117083,0.001919386
"RA_167",0.398726115,0.216985138,0.044585987,0.032696391,0.016985138,0.031422505,0.025477707,0.008067941,0.014437367,0.014012739,0.008917197,0.010615711,0.010191083,0.001698514,0.002972399
"RA_164",0.434748428,0.239779874,0.026336478,0.021619497,0.027515723,0.02240566,0.027122642,0.021619497,0.009827044,0.012971698,0.016902516,0.02004717,0.007861635,0.007468553,0.001572327
"RA_163",0.466463415,0.145731707,0.049390244,0.020121951,0.017073171,0.026829268,0.017073171,0.009756098,0.017682927,0.016463415,0.006707317,0.018292683,0.009756098,0.007317073,0.00304878
"RA_161",0.453378956,0.165953807,0.04491018,0.022668948,0.01710864,0.022241232,0.01710864,0.020958084,0.026090676,0.023096664,0.014542344,0.018391788,0.017964072,0.011976048,0.003421728
"RA_160",0.534013605,0.212585034,0.013605442,0.015306122,0.012755102,0.006802721,0.019557823,0.019557823,0.014455782,0.010204082,0.012755102,0.00170068,0.013605442,0.022108844,0
"RA_16",0.396540253,0.19427811,0.032601464,0.022621424,0.028609448,0.012641384,0.031936128,0.018629408,0.012641384,0.011310712,0.025282768,0.011310712,0.01330672,0.011976048,0.001330672
"RA_159",0.453400504,0.204534005,0.047103275,0.028715365,0.017380353,0.01813602,0.025188917,0.016624685,0.014861461,0.01209068,0.011586902,0.014861461,0.003526448,0.00906801,0.00302267
"RA_155",0.382563256,0.2389989,0.034653465,0.03080308,0.017876788,0.022827283,0.017876788,0.011276128,0.02090209,0.01650165,0.014576458,0.011276128,0.015126513,0.00880088,0.004125413
"RA_154",0.549655452,0.198216457,0.005674909,0.015403324,0.033644102,0.008107013,0.020267531,0.013781921,0.014997973,0.018240778,0.004053506,0.012160519,0.015808675,0.013376571,0
"RA_153",0.444444444,0.201169591,0.041325536,0.028460039,0.033918129,0.01208577,0.033138402,0.020272904,0.01208577,0.024561404,0.004678363,0.008966862,0.008966862,0.010526316,0.001169591
"RA_152",0.466455122,0.198096102,0.036718042,0.018585675,0.017679057,0.019038985,0.02175884,0.009972801,0.012692656,0.016772439,0.01087942,0.024025385,0.017225748,0.008159565,0.004079782
"RA_15",0.425029059,0.214645486,0.04261914,0.02130957,0.020534676,0.014335529,0.014335529,0.012010849,0.011235955,0.010073615,0.006199148,0.021697017,0.016272762,0.009298721,0.005424254
"RA_148",0.43069874,0.232245132,0.036941581,0.024914089,0.018041237,0.011741123,0.02233677,0.014318442,0.011168385,0.019186712,0.016609393,0.008877434,0.017182131,0.010309278,0.002290951
"RA_147",0.343868521,0.223345976,0.03876949,0.032448378,0.032869785,0.0337126,0.010535188,0.012220818,0.030762748,0.022334598,0.024020228,0.021070375,0.0168563,0.012642225,0.003792668
"RA_146",0.410094637,0.229232387,0.033123028,0.034700315,0.01997897,0.026288118,0.01787592,0.021556257,0.013669821,0.013669821,0.019453207,0.011041009,0.007886435,0.009989485,0.005783386
"RA_143",0.449074074,0.202546296,0.023148148,0.029320988,0.023919753,0.020447531,0.012345679,0.017361111,0.012731481,0.021990741,0.018518519,0.011188272,0.009259259,0.008487654,0.001157407
"RA_142",0.394230769,0.191239316,0.054487179,0.034188034,0.021901709,0.03525641,0.023504274,0.011217949,0.03258547,0.016025641,0.008012821,0.006944444,0.011752137,0.009615385,0.00534188
"RA_141",0.440228478,0.19379845,0.047327621,0.028151775,0.01999184,0.012647899,0.027335781,0.01754386,0.015503876,0.010607915,0.010607915,0.022031824,0.012647899,0.005303958,0.001631987
"RA_140",0.426862611,0.234791524,0.027682843,0.021872864,0.032467532,0.010594668,0.020847573,0.019822283,0.013328776,0.01469583,0.017088175,0.01367054,0.010252905,0.010936432,0.005809979
"RA_14",0.382716049,0.236625514,0.043209877,0.04218107,0.022633745,0.029835391,0.016460905,0.005144033,0.014403292,0.017489712,0.010288066,0.007201646,0.004115226,0.007201646,0.001028807
"RA_138",0.407969152,0.198971722,0.035218509,0.026478149,0.030077121,0.03033419,0.013881748,0.015424165,0.021336761,0.02159383,0.018251928,0.014395887,0.013367609,0.010025707,0.006169666
"RA_137",0.440450644,0.219420601,0.016094421,0.03916309,0.033261803,0.013948498,0.024678112,0.015021459,0.016630901,0.020922747,0.012339056,0.014484979,0.006974249,0.011266094,0
"RA_136",0.413927577,0.236768802,0.027855153,0.031197772,0.016155989,0.022284123,0.013927577,0.022284123,0.031754875,0.013370474,0.016155989,0.010584958,0.006685237,0.009470752,0.008913649
"RA_135",0.397756062,0.228013029,0.029677886,0.039087948,0.01664857,0.020991676,0.014115092,0.016286645,0.022439377,0.017734347,0.01592472,0.009410062,0.006514658,0.007600434,0.00796236
"RA_134",0.440425532,0.224468085,0.031914894,0.019858156,0.033687943,0.012411348,0.022340426,0.011702128,0.017375887,0.016312057,0.016666667,0.022695035,0.006737589,0.010283688,0.003191489
"RA_133",0.449796617,0.202098052,0.035110255,0.023121387,0.015200171,0.021836866,0.019910083,0.013059302,0.019910083,0.007064868,0.018411475,0.020338257,0.016270606,0.007493042,0.001284522
"RA_13",0.506001847,0.226685134,0.015235457,0.024930748,0.031394275,0.00877193,0.017082179,0.022160665,0.007848569,0.018928901,0.005540166,0.003693444,0.013388735,0.009695291,0.002308403
"RA_128",0.4563405002,0.2014041246,0.0403685827,0.0175515577,0.0258885476,0.015357613,0.0175515577,0.0241333918,0.0131636683,0.0166739798,0.0188679245,0.0105309346,0.014918824,0.0096533567,0.0008775779
"RA_127",0.48146241,0.199279094,0.028836251,0.016477858,0.020597322,0.014418126,0.01853759,0.014933059,0.01853759,0.01338826,0.011328527,0.01184346,0.009268795,0.005149331,0.001029866
"RA_126",0.478538283,0.197215777,0.018561485,0.016821346,0.032482599,0.012761021,0.025522042,0.013341067,0.012761021,0.013341067,0.017401392,0.01450116,0.019721578,0.015081206,0.003480278
"RA_124",0.470614426,0.21237756,0.030276046,0.020480855,0.021816563,0.021816563,0.015583259,0.012466607,0.016473731,0.012466607,0.008014248,0.007123776,0.006233304,0.008014248,0.002671416
"RA_123",0.539104024,0.195899772,0.023158694,0.018982536,0.028853455,0.004555809,0.023917995,0.020121488,0.005694761,0.011769172,0.014047077,0.006833713,0.012528474,0.012148823,0.002277904
"RA_121",0.395416515,0.185158239,0.028737723,0.037831939,0.024372499,0.034558021,0.018915969,0.02691888,0.020007275,0.017460895,0.014550746,0.011276828,0.008730447,0.004001455,0.004365224
"RA_119",0.5527605358,0.2139823587,0.0081672656,0.0163345312,0.0209081999,0.0071871937,0.0133943156,0.0173146031,0.0088206468,0.0169879124,0.0124142437,0.0035935969,0.0120875531,0.0166612218,0.0003266906
"RA_118",0.389752973,0.23726746,0.023482769,0.0326319,0.018908204,0.037816407,0.026532479,0.015248551,0.023177798,0.018298262,0.024092711,0.008234218,0.011588899,0.006404392,0.001829826
"RA_117",0.188357588,0.172557173,0.099376299,0.055301455,0.004573805,0.063617464,0.005821206,0.01039501,0.046569647,0.012474012,0.01995842,0.02037422,0.006652807,0.005405405,0.007900208
"RA_116",0.51294401,0.178807947,0.015653221,0.030704395,0.036122818,0.018061409,0.018663456,0.015653221,0.015653221,0.00602047,0.005418423,0.001806141,0.00602047,0.015653221,0.000602047
"RA_115",0.423324498,0.216963271,0.063990913,0.024233245,0.027641045,0.024233245,0.018932223,0.017796289,0.015524423,0.010980689,0.004543733,0.008708822,0.007572889,0.013252556,0.0034078
"RA_113",0.520141656,0.2124834,0.020362992,0.02124834,0.015936255,0.01062417,0.011952191,0.015936255,0.01770695,0.011066844,0.010181496,0.012394865,0.015050907,0.011952191,0.003984064
"RA_112",0.472649047,0.230485556,0.027043639,0.017824216,0.028887523,0.014751076,0.015365704,0.022126613,0.013521819,0.010448679,0.006146281,0.011677935,0.028272895,0.007990166,0
"RA_110",0.387485649,0.196326062,0.026980482,0.035017222,0.029850746,0.038461538,0.026980482,0.017221584,0.010907003,0.01836969,0.008610792,0.017795637,0.008036739,0.005166475,0.005740528
"RA_11",0.448784722,0.223090278,0.015625,0.033854167,0.016493056,0.028645833,0.013888889,0.010416667,0.017361111,0.017361111,0.0078125,0.003472222,0.005208333,0.005208333,0.002604167
"RA_108",0.46539028,0.179675994,0.017673049,0.038291605,0.019145803,0.035346097,0.005891016,0.016200295,0.020618557,0.011782032,0.008836524,0.00736377,0.00736377,0.016200295,0.010309278
"RA_106",0.280898876,0.377137274,0.029311187,0.038593063,0.018075232,0.014655594,0.011235955,0.025891549,0.007816317,0.02247191,0.013678554,0.008304836,0.007816317,0.005862237,0.002442599
"RA_105",0.388888889,0.210280374,0.044132918,0.022845275,0.025441329,0.015057113,0.014018692,0.03271028,0.014537902,0.014537902,0.010384216,0.024922118,0.005192108,0.011422638,0.007268951
"RA_104",0.568208317,0.20287602,0.005052468,0.018266615,0.030314808,0.003497862,0.027205597,0.009327633,0.010104936,0.01127089,0.007384376,0.006607073,0.020209872,0.008161679,0.001554606
"RA_101",0.347073372,0.227122836,0.072135202,0.02514427,0.01772465,0.032563891,0.012778236,0.016075845,0.02514427,0.023083265,0.008656224,0.012366035,0.011129431,0.01071723,0.004946414
"RA_100",0.46847181,0.202522255,0.021513353,0.011498516,0.042284866,0.016691395,0.026706231,0.017804154,0.009643917,0.016320475,0.010756677,0.020771513,0.012611276,0.004821958,0.00148368
"RA_1",0.461273666,0.275387263,0.020654045,0.024096386,0.013769363,0.005163511,0.017211704,0.013769363,0.003442341,0.012048193,0.018932874,0.005163511,0.015490534,0.003442341,0
"OA_8",0.3477946493,0.259098578,0.0243432152,0.0306097855,0.0279585442,0.0219329959,0.0137382502,0.0163894914,0.0231381056,0.0204868643,0.0127741624,0.0122921186,0.0134972282,0.0086767896,0.0009640877
"OA_7",0.341764081,0.223166844,0.046121148,0.044633369,0.017215728,0.026567481,0.017215728,0.018065887,0.024017003,0.029968119,0.010414453,0.015302869,0.008076514,0.006376196,0.006801275
"OA_6",0.40954687,0.220684884,0.042199931,0.030439294,0.018678658,0.019716361,0.021445866,0.013836043,0.017295054,0.012106538,0.010377032,0.015565548,0.008993428,0.002075406,0.003804912
"OA_51",0.457939394,0.206787879,0.035151515,0.028363636,0.020848485,0.019636364,0.028363636,0.013333333,0.015272727,0.011878788,0.016484848,0.014545455,0.007030303,0.011393939,0.002666667
"OA_50",0.431806485,0.263252702,0.010808029,0.033710757,0.020586722,0.018785383,0.021358724,0.013638703,0.008234689,0.026505404,0.009006691,0.005918682,0.013381369,0.007720021,0.001029336
"OA_5",0.377106046,0.189296333,0.074826561,0.0339445,0.019078295,0.028245788,0.020564916,0.018087215,0.017343905,0.022299306,0.009910803,0.026759167,0.012636274,0.006689792,0.003716551
"OA_48",0.3621052632,0.2093233083,0.0430075188,0.0532330827,0.0321804511,0.0264661654,0.0147368421,0.0156390977,0.0171428571,0.0189473684,0.0144360902,0.0213533835,0.015037594,0.0042105263,0.0009022556
"OA_44",0.2032598274,0.106903164,0.0388302972,0.0143815916,0.0086289549,0.0282837967,0.0153403643,0.1658676894,0.0258868648,0.0076701822,0.1395014382,0.0105465005,0.0091083413,0.0009587728,0.0047938639
"OA_43",0.4142961342,0.2479941648,0.0397520058,0.02297593,0.0244347192,0.019328957,0.0226112327,0.0175054705,0.0098468271,0.0189642597,0.0105762217,0.0076586433,0.019328957,0.0142231947,0.0003646973
"OA_40",0.447573175,0.218969989,0.027417562,0.022600963,0.026306039,0.012597258,0.022230456,0.019266395,0.02000741,0.018895887,0.011856243,0.005928122,0.015190811,0.006298629,0.002964061
"OA_4",0.465913844,0.228774571,0.019238812,0.025094103,0.026767043,0.012547051,0.012965286,0.018820577,0.012128816,0.014638227,0.009201171,0.012965286,0.013383522,0.012547051,0.002091175
"OA_39",0.391961525,0.2153899,0.051528684,0.034695981,0.023016146,0.026451391,0.017519753,0.012366884,0.026107867,0.022329097,0.011336311,0.015115081,0.010992786,0.009275163,0.003435246
"OA_37",0.4832658282,0.2236196973,0.0068215732,0.0240886805,0.0257940738,0.0140694948,0.0172671072,0.0136431465,0.0187593264,0.0140694948,0.0166275847,0.0098060115,0.0106587082,0.0153485398,0.0008526967
"OA_36",0.38507109,0.216034755,0.033965245,0.040679305,0.020537125,0.029225908,0.016982622,0.021721959,0.024091627,0.017377567,0.015402844,0.023301738,0.007898894,0.004739336,0.001579779
"OA_35",0.438102584,0.222522175,0.033937524,0.028152719,0.025838797,0.020439645,0.020439645,0.016583108,0.016197455,0.017740069,0.01156961,0.014269186,0.015426147,0.010412649,0.001542615
"OA_34",0.415024279,0.228506141,0.026278206,0.032276492,0.02027992,0.016566695,0.019708655,0.02027992,0.010282776,0.017423593,0.016852328,0.009997144,0.012282205,0.01285347,0.007140817
"OA_33",0.431034483,0.199944383,0.054505006,0.028921023,0.021968854,0.028921023,0.013626251,0.020856507,0.016129032,0.011957731,0.00945495,0.015850945,0.015572859,0.006117909,0.001390434
"OA_31",0.330777096,0.242075665,0.040132924,0.048568507,0.024539877,0.026840491,0.016871166,0.008691207,0.022239264,0.02402863,0.020961145,0.014826176,0.010736196,0.00690184,0.002300613
"OA_3",0.543467933,0.206650831,0.010451306,0.017577197,0.03087886,0.009976247,0.024703088,0.019477435,0.005225653,0.009501188,0.009501188,0.003325416,0.011876485,0.013301663,0.003325416
"OA_28",0.43813791,0.22106049,0.02713468,0.02265372,0.04107543,0.01319393,0.01966642,0.02240478,0.01170027,0.01170027,0.01070451,0.00995768,0.01294498,0.01468758,0.00124471
"OA_24",0.336923595,0.192527768,0.037361158,0.046785594,0.021878156,0.033658701,0.018512285,0.012453719,0.04274655,0.013126893,0.012453719,0.010434197,0.009424436,0.00673174,0.005385392
"OA_22",0.415556244,0.223737217,0.041524636,0.034707158,0.010226216,0.028509452,0.020762318,0.016423923,0.020762318,0.001859312,0.01394484,0.013015184,0.013634955,0.012395414,0.001549427
"OA_21",0.358416548,0.200784593,0.060271041,0.024964337,0.018901569,0.042796006,0.016405136,0.013552068,0.026747504,0.013195435,0.011412268,0.014978602,0.006062767,0.003922967,0.001783167
"OA_2",0.329041488,0.219241774,0.038626609,0.042918455,0.016809728,0.032904149,0.017167382,0.017525036,0.020386266,0.018240343,0.016094421,0.020028612,0.007868383,0.011444921,0.008941345
"OA_18",0.429620035,0.228842832,0.031519862,0.031088083,0.024611399,0.021588946,0.019430052,0.016407599,0.012521589,0.013816926,0.009930915,0.014680484,0.009499136,0.006908463,0.002590674
"OA_17",0.462495426,0.203073546,0.031467252,0.015733626,0.017929016,0.019392609,0.025978778,0.018294914,0.013904135,0.014635931,0.013904135,0.026344676,0.014270033,0.012440542,0.003293085
"OA_16",0.411688592,0.263101143,0.017252534,0.029113651,0.020271727,0.013155057,0.013370714,0.013155057,0.024584861,0.015311624,0.01035152,0.006038387,0.008841924,0.015742937,0.001725253
"OA_14",0.4742965368,0.2353896104,0.0151515152,0.02245671,0.0257034632,0.0100108225,0.0159632035,0.0319264069,0.0175865801,0.0135281385,0.0119047619,0.0056818182,0.0091991342,0.0054112554,0.0005411255
"OA_13",0.471054952,0.207464002,0.03585072,0.024684102,0.018219218,0.022627094,0.014105201,0.024977961,0.012929768,0.012342051,0.016749927,0.010578901,0.008815751,0.012929768,0.0035263
"OA_12",0.363888034,0.239003384,0.050753614,0.029836973,0.025530606,0.016917871,0.02368502,0.017840664,0.017225469,0.017225469,0.009535528,0.016302676,0.011381114,0.005536758,0.003383574
"HC_8",0.40415295,0.196252216,0.033932641,0.036464928,0.021777665,0.024563181,0.026082553,0.021777665,0.030134211,0.01139529,0.015446949,0.012154976,0.010888833,0.010888833,0.004811345
"HC_7",0.452054795,0.225742009,0.042808219,0.016267123,0.02140411,0.017408676,0.02140411,0.015125571,0.013413242,0.009417808,0.007990868,0.010559361,0.016267123,0.005422374,0.001141553
"HC_5",0.383235212,0.175217269,0.069526213,0.025791982,0.024390244,0.033922063,0.013456686,0.015699467,0.015979815,0.015699467,0.019624334,0.042332492,0.012054948,0.00476591,0.003924867
"HC_40",0.4976133652,0.2517899761,0.0005966587,0.0304295943,0.0178997613,0.0035799523,0.0220763723,0.0095465394,0.0178997613,0.0167064439,0.0101431981,0.0005966587,0.0190930788,0.0095465394,0.0035799523
"HC_39",0.391281233,0.215311005,0.045720362,0.020733652,0.026049973,0.023391813,0.017012228,0.014354067,0.017012228,0.009037746,0.013822435,0.01754386,0.012227539,0.002126528,0.003721425
"HC_38",0.354390398,0.2135186355,0.0562223626,0.0303221731,0.0227416298,0.0391661402,0.0157927985,0.0113708149,0.0252684776,0.0195830701,0.010107391,0.0360075805,0.0082122552,0.0031585597,0.0006317119
"HC_36",0.352067183,0.204134367,0.062015504,0.025839793,0.018087855,0.032299742,0.011627907,0.015503876,0.01873385,0.012273902,0.014211886,0.026485788,0.010335917,0.009043928,0.007105943
"HC_35",0.390652048,0.203115984,0.057703405,0.039238315,0.015579919,0.030582804,0.015002885,0.015002885,0.02423543,0.013271783,0.012117715,0.015579919,0.007501443,0.010963647,0.004039238
"HC_33",0.401354402,0.204063205,0.049209932,0.027539503,0.018058691,0.031151242,0.017155756,0.013092551,0.025282167,0.006320542,0.007674944,0.014446953,0.018961625,0.012189616,0.005869074
"HC_32",0.406649616,0.138107417,0.090792839,0.020460358,0.020460358,0.051150895,0.016624041,0.015345269,0.017902813,0.00511509,0.015345269,0.023017903,0.006393862,0.001278772,0.003836317
"HC_31",0.30069698,0.187188848,0.109857285,0.030866246,0.013275805,0.046133422,0.013939595,0.009293063,0.029206771,0.014603385,0.009624959,0.042482576,0.00132758,0.007633588,0.006637902
"HC_30",0.367321089,0.256808106,0.026915769,0.031032299,0.021215959,0.016466118,0.017732742,0.016782774,0.01139962,0.036415453,0.016466118,0.007916403,0.008549715,0.007916403,0.001583281
"HC_3",0.353629354,0.186120713,0.061419835,0.0260569,0.024195693,0.031108748,0.019409731,0.015687317,0.030576974,0.026322786,0.01382611,0.019941505,0.008774262,0.011699016,0.005849508
"HC_29",0.306552519,0.207770826,0.046098123,0.049390846,0.020414883,0.034573592,0.01712216,0.004939085,0.030951597,0.019427066,0.012183075,0.027658874,0.013500165,0.015805071,0.001975634
"HC_28",0.4889056036,0.2008273787,0.0045129748,0.0364798797,0.022564874,0.0142910869,0.0172997367,0.022564874,0.0154193306,0.0120345995,0.0124106807,0.0030086499,0.0101541933,0.0094020308,0.0003760812
"HC_26",0.435875217,0.186741768,0.072790295,0.022097054,0.022530329,0.029896014,0.012131716,0.016031196,0.016897747,0.015164645,0.010398614,0.016464471,0.009532062,0.009965338,0.005632582
"HC_25",0.40498442,0.20249221,0.04984424,0.03426791,0.02803738,0.01557632,0.02180685,0.02180685,0.02803738,0.01557632,0.00623053,0.01557632,0.02180685,0.01246106,0
"HC_24",0.3628082648,0.271939569,0.0211064208,0.0582092868,0.0206620751,0.0135525439,0.014885581,0.0188846923,0.0171073095,0.0279937792,0.0131081982,0.0057764941,0.0079982226,0.0055543213,0.0002221729
"HC_23",0.351466308,0.236624133,0.056861428,0.031340945,0.013655697,0.031340945,0.011640922,0.0161182,0.018132975,0.019476158,0.006268189,0.021938661,0.008506828,0.003581822,0.006492053
"HC_22",0.346215781,0.228663446,0.046698873,0.053140097,0.031669351,0.01610306,0.023617821,0.010735373,0.017176597,0.025764895,0.009125067,0.01180891,0.012345679,0.004294149,0.001610306
"HC_21",0.370570368,0.214647317,0.036449544,0.034762065,0.021937226,0.022612217,0.016874789,0.016874789,0.025312184,0.009449882,0.010799865,0.021937226,0.007762403,0.010124873,0.001687479
"HC_20",0.4328392774,0.2352941176,0.0220009264,0.0236220472,0.0264011116,0.0185270959,0.0120426123,0.016905975,0.0101899027,0.0141269106,0.0108846688,0.0136637332,0.0108846688,0.0115794349,0.0006947661
"HC_19",0.400129143,0.20232458,0.035514421,0.035514421,0.025182953,0.023461042,0.014851485,0.01786483,0.014421007,0.018725786,0.014636246,0.021954369,0.017434352,0.006457167,0.00193715
"HC_18",0.386539055,0.230935474,0.037357209,0.033034887,0.013893177,0.024698981,0.017598024,0.014510651,0.023772769,0.022229083,0.016671812,0.017598024,0.004322322,0.003704847,0.002778635
"HC_17",0.378921237,0.200180546,0.039720153,0.046942,0.016249154,0.028887384,0.014443692,0.013540961,0.023245317,0.022116904,0.011058452,0.012412548,0.007447529,0.008124577,0.003159558
"HC_15",0.385901639,0.233442623,0.036393443,0.022622951,0.027213115,0.027868852,0.027213115,0.017704918,0.024918033,0.022622951,0.013442623,0.017377049,0.010163934,0.007868852,0.005901639
"HC_13",0.383880349,0.232239302,0.057332779,0.023680931,0.028250935,0.032405484,0.021188201,0.018280017,0.021603656,0.012463648,0.008724553,0.016202742,0.010386373,0.00249273,0.00249273
"HC_12",0.30715851,0.211468225,0.067932798,0.03944485,0.020818115,0.032870709,0.021548576,0.009130752,0.03981008,0.023009496,0.018626735,0.018626735,0.004382761,0.005478451,0.004382761
"HC_11",0.45454545,0.27272727,0,0,0,0,0,0,0,0.09090909,0,0,0,0,0.18181818
"HC_10",0.359387172,0.189820826,0.05998442,0.042066996,0.017138406,0.034796157,0.016099714,0.014541677,0.024409244,0.011425604,0.010646585,0.017917424,0.010906258,0.004154765,0.008049857
